create table integrante (
                            id bigint generated by default as identity,
                            franquia varchar(255) not null,
                            funcao varchar(255) not null,
                            nome varchar(255) not null,
                            primary key (id)
);

create table time (
                      id bigint generated by default as identity,
                      data date,
                      primary key (id)
);

create table composicao_time (
                                 id bigint generated by default as identity,
                                 integrante_id bigint,
                                 time_id bigint,
                                 primary key (id)
);

-- =========================
-- INTEGRANTES
-- =========================

INSERT INTO integrante (id, franquia, nome, funcao) VALUES
                                                        (1, 'NBA', 'Michael Jordan', 'ala'),
                                                        (2, 'NBA', 'Denis Rodman', 'ala-pivô'),
                                                        (3, 'NBA', 'Scottie Pippen', 'ala');


-- =========================
-- TIMES
-- =========================

INSERT INTO time (id, data) VALUES
                                (1, '1994-01-01'),
                                (2, '1995-01-01'),
                                (3, '1993-01-01');


-- =========================
-- COMPOSICAO_TIME
-- =========================

-- Chicago Bulls 1994
INSERT INTO composicao_time (id, time_id, integrante_id) VALUES
                                                             (1, 1, 1), -- Jordan
                                                             (2, 1, 2), -- Rodman
                                                             (3, 1, 3); -- Pippen


-- Chicago Bulls 1995
INSERT INTO composicao_time (id, time_id, integrante_id) VALUES
                                                             (4, 2, 1),
                                                             (5, 2, 2),
                                                             (6, 2, 3);


-- Detroit Pistons 1993
INSERT INTO composicao_time (id, time_id, integrante_id) VALUES
    (7, 3, 2); -- Rodman

ALTER TABLE integrante ALTER COLUMN id RESTART WITH 4;
ALTER TABLE time ALTER COLUMN id RESTART WITH 4;
ALTER TABLE composicao_time ALTER COLUMN id RESTART WITH 8;